<?xml version = "1.0" encoding = "UTF-8"?>
<beans xmlns="http://www.springframework.org/schema/beans"
 xmlns:xsi="http://www.w3.org/2001/XMLSchema-instance"
 xsi:schemaLocation="http://www.springframework.org/schema/beans
   http://www.springframework.org/schema/beans/spring-beans-3.0.xsd">
  
   
 <!--    <bean id="e" class="com.demo.model.Employee">
        <constructor-arg index="0" value="bhavna"/>
        <constructor-arg index="1" value="1"/>
        <constructor-arg index="2" value="developer"/>
        <constructor-arg index="3" value="1000"/>
    </bean>--> 
     <bean id="addr" class="com.a1nother.model.Address">
    	<property name="houseNo"><value>1</value></property>
    	<property name="houseName"><value>ram vatika</value></property>
    	<property name="streetName"><value>jain colony</value></property>
    	<property name="city"><value>jodhpur</value></property>
    	<property name="stateCountry"><value>rajasthan,India</value></property>
    </bean>
    
    <bean id="e" class="com.another.model.Employee">
    	<property name="empId"><value>1</value></property>
    	<property name="empName"><value>"shalu"</value></property>
    	<property name="empAddress" ref="addr"/>
    	<property name="salary" value="10000"/>
    </bean>
</beans>